year,treatment,plot
2015,control,17
2015,control,17
2015,control,17
2015,control,17
2015,control,17
2015,control,17
2015,control,17
2015,exclosure,21
2015,exclosure,21
2015,exclosure,21
2015,exclosure,21
2015,exclosure,21
2015,exclosure,21
2015,exclosure,21
2015,exclosure,21
2015,removal,23
2015,removal,23
2015,removal,23
2015,control,14
2015,control,14
2015,exclosure,15
2015,exclosure,15
2015,exclosure,15
2015,exclosure,15
2015,removal,10
2015,exclosure,3
2015,exclosure,3
2015,exclosure,19
2015,exclosure,19
2015,exclosure,19
2015,exclosure,19
2015,exclosure,19
2015,exclosure,19
2015,exclosure,19
2015,exclosure,19
2015,exclosure,19
2015,exclosure,19
2015,control,17
2015,control,17
2015,control,17
2015,control,17
2015,control,17
2015,control,17
2015,control,17
2015,control,17
2015,control,17
2015,control,17
2015,control,17
2015,control,17
2015,control,17
2015,control,17
2015,control,17
2015,exclosure,21
2015,exclosure,21
2015,exclosure,21
2015,exclosure,21
2015,exclosure,21
2015,exclosure,21
2015,exclosure,21
2015,exclosure,21
2015,exclosure,21
2015,removal,16
2015,exclosure,19
2015,removal,23
2015,removal,23
2015,removal,23
2015,removal,23
2015,removal,23
2015,removal,23
2015,removal,23
2015,exclosure,3
2015,exclosure,3
2015,exclosure,3
2015,exclosure,3
2015,exclosure,3
2015,exclosure,3
2015,exclosure,3
2015,exclosure,3
2015,exclosure,3
2015,exclosure,3
2015,exclosure,3
2015,exclosure,3
2015,exclosure,3
2015,exclosure,3
2015,control,4
2015,control,4
2015,control,4
2015,control,4
2015,control,4
2015,control,4
2015,control,4
2015,control,4
2015,control,4
2015,control,4
2015,control,4
2015,control,4
2015,control,4
2015,control,4
2015,control,11
2015,control,11
2015,control,11
2015,control,11
2015,control,11
2015,control,11
2015,control,11
2015,control,11
2015,control,11
2015,control,11
2015,control,11
2015,control,11
2015,control,11
2015,control,11
2015,control,11
2015,control,11
2015,control,11
2015,control,11
2015,control,11
2015,control,14
2015,control,14
2015,control,14
2015,control,14
2015,control,14
2015,control,14
2015,control,14
2015,control,14
2015,control,14
2015,control,14
2015,control,14
2015,exclosure,15
2015,exclosure,15
2015,exclosure,15
2015,exclosure,15
2015,exclosure,15
2015,exclosure,15
2015,removal,10
2015,exclosure,15
2015,exclosure,15
2015,exclosure,15
2015,exclosure,15
2015,exclosure,3
2015,exclosure,3
2015,exclosure,19
2015,exclosure,19
2015,exclosure,19
2015,exclosure,19
2015,exclosure,19
2015,control,17
2015,control,17
2015,control,17
2015,control,17
2015,control,17
2015,control,17
2015,control,17
2015,control,17
2015,control,17
2015,exclosure,21
2015,exclosure,21
2015,exclosure,21
2015,exclosure,21
2015,exclosure,21
2015,exclosure,21
2015,exclosure,21
2015,removal,23
2015,removal,23
2015,removal,23
2015,removal,23
2015,removal,16
2015,removal,23
2015,removal,16
2015,exclosure,3
2015,exclosure,3
2015,exclosure,3
2015,exclosure,3
2015,exclosure,3
2015,exclosure,3
2015,exclosure,3
2015,exclosure,3
2015,exclosure,3
2015,exclosure,3
2015,exclosure,3
2015,control,4
2015,control,4
2015,control,4
2015,control,4
2015,control,4
2015,control,4
2015,control,4
2015,control,4
2015,control,4
2015,control,4
2015,control,11
2015,control,11
2015,control,11
2015,control,11
2015,control,11
2015,control,11
2015,control,14
2015,control,14
2015,control,14
2015,control,14
2015,control,14
2015,control,14
2015,exclosure,15
2015,exclosure,15
2015,exclosure,15
2015,exclosure,15
2015,exclosure,15
2015,exclosure,15
2015,exclosure,15
2015,exclosure,15
2015,exclosure,15
2015,exclosure,15
2015,exclosure,15
2015,exclosure,15
2015,exclosure,15
2015,exclosure,19
2015,exclosure,19
2015,exclosure,19
2015,exclosure,19
2015,exclosure,19
2015,exclosure,19
2015,control,17
2015,control,17
2015,control,17
2015,control,17
2015,control,17
2015,control,17
2015,control,17
2015,control,17
2015,control,17
2015,control,17
2015,exclosure,21
2015,exclosure,21
2015,exclosure,21
2015,exclosure,21
2015,exclosure,21
2015,exclosure,21
2015,exclosure,21
2015,removal,23
2015,removal,23
2015,removal,23
2015,removal,23
2015,removal,16
2015,removal,16
2015,exclosure,3
2015,exclosure,3
2015,exclosure,3
2015,exclosure,3
2015,exclosure,3
2015,exclosure,3
2015,exclosure,3
2015,exclosure,3
2015,control,4
2015,control,4
2015,control,4
2015,control,4
2015,control,4
2015,control,4
2015,control,4
2015,control,4
2015,control,11
2015,control,11
2015,control,11
2015,control,11
2015,control,11
2015,control,11
2015,control,11
2015,control,11
2015,control,14
2015,control,14
2015,control,14
2015,control,14
2015,control,14
2015,control,14
2015,exclosure,15
2015,exclosure,15
2015,exclosure,15
2015,exclosure,15
2015,exclosure,15
2015,exclosure,15
2015,removal,10
2015,removal,10
2015,removal,10
2015,removal,10
2015,removal,10
2015,removal,10
2015,removal,10
2015,removal,10
2015,exclosure,15
2015,removal,10
2015,exclosure,15
2015,exclosure,21
2015,exclosure,21
2015,exclosure,21
2015,exclosure,21
2015,exclosure,21
2015,exclosure,21
2015,exclosure,21
2015,exclosure,21
2015,exclosure,21
2015,exclosure,21
2015,exclosure,21
2015,exclosure,21
2015,exclosure,21
2015,exclosure,21
2015,exclosure,21
2015,exclosure,21
2015,exclosure,21
2015,exclosure,21
2015,exclosure,21
2015,control,4
2015,control,4
2015,control,4
2015,control,4
2015,control,4
2015,control,4
2015,control,4
2015,control,4
2015,control,4
2015,control,4
2015,control,4
2015,control,4
2015,control,4
2015,control,4
2015,control,4
2015,control,4
2015,control,4
2015,control,4
2015,control,4
2015,exclosure,19
2015,exclosure,19
2015,exclosure,19
2015,exclosure,19
2015,exclosure,19
2015,exclosure,19
2015,exclosure,19
2015,exclosure,19
2015,exclosure,19
2015,exclosure,19
2015,exclosure,19
2015,exclosure,19
2015,control,11
2015,control,11
2015,control,11
2015,control,11
2015,control,11
2015,control,11
2015,control,11
2015,control,11
2015,control,11
2015,control,11
2015,control,11
2015,control,11
2015,control,11
2015,control,11
2015,control,11
2015,control,11
2015,control,11
2015,control,11
2015,control,11
2015,control,11
2015,control,11
2015,control,11
2015,control,11
2015,control,11
2015,removal,23
2015,removal,23
2015,removal,23
2015,removal,23
2015,removal,23
2015,removal,23
2015,removal,23
2015,removal,23
2015,removal,23
2015,removal,23
2015,removal,23
2015,removal,23
2015,removal,23
2015,removal,23
2015,removal,23
2015,removal,23
2015,removal,23
2015,exclosure,3
2015,exclosure,3
2015,exclosure,3
2015,exclosure,3
2015,exclosure,3
2015,exclosure,3
2015,exclosure,3
2015,exclosure,3
2015,exclosure,3
2015,exclosure,3
2015,exclosure,3
2015,exclosure,3
2015,exclosure,3
2015,exclosure,3
2015,exclosure,3
2015,exclosure,3
2015,exclosure,3
2015,exclosure,3
2015,exclosure,3
2015,exclosure,3
2015,exclosure,3
2015,exclosure,3
2015,exclosure,3
2015,exclosure,3
2015,exclosure,3
2015,control,14
2015,control,14
2015,control,14
2015,control,14
2015,control,14
2015,control,14
2015,control,14
2015,control,14
2015,control,14
2015,control,14
2015,control,14
2015,control,14
2015,control,14
2015,control,14
2015,control,14
2015,control,14
2015,control,14
2015,exclosure,15
2015,exclosure,15
2015,exclosure,15
2015,exclosure,15
2015,exclosure,15
2015,exclosure,15
2015,exclosure,15
2015,exclosure,15
2015,exclosure,15
2015,exclosure,15
2015,exclosure,15
2015,exclosure,15
2015,exclosure,15
2015,exclosure,15
2015,exclosure,15
2015,exclosure,15
2015,control,17
2015,control,17
2015,control,17
2015,control,17
2015,control,17
2015,control,17
2015,control,17
2015,control,17
2015,control,17
2015,control,17
2015,control,17
2015,control,17
2015,control,17
2015,control,17
2015,control,17
2015,control,17
2015,control,17
2015,control,17
2015,control,17
2015,control,17
2015,removal,10
2015,removal,10
2015,removal,10
2015,exclosure,15
2015,removal,16
2015,removal,16
2015,removal,16
2015,removal,16
2015,removal,16
2015,removal,16
2015,removal,16
2015,control,4
2015,control,4
2015,control,4
2015,control,4
2015,control,4
2015,control,4
2015,control,4
2015,control,4
2015,control,4
2015,control,4
2015,control,4
2015,control,4
2015,control,4
2015,control,4
2015,control,4
2015,control,11
2015,control,11
2015,control,11
2015,control,11
2015,control,11
2015,control,11
2015,exclosure,19
2015,exclosure,19
2015,exclosure,19
2015,exclosure,19
2015,exclosure,19
2015,exclosure,21
2015,exclosure,21
2015,exclosure,21
2015,exclosure,21
2015,exclosure,21
2015,exclosure,21
2015,removal,23
2015,exclosure,3
2015,exclosure,3
2015,exclosure,3
2015,exclosure,3
2015,exclosure,3
2015,exclosure,3
2015,exclosure,3
2015,exclosure,3
2015,control,14
2015,control,14
2015,control,14
2015,control,14
2015,control,14
2015,control,14
2015,exclosure,15
2015,exclosure,15
2015,exclosure,15
2015,exclosure,15
2015,exclosure,15
2015,control,17
2015,control,17
2015,control,17
2015,control,17
2015,control,17
2015,control,17
2015,control,17
2015,control,17
2015,control,17
2015,removal,16
2015,removal,10
2015,control,4
2015,control,4
2015,control,4
2015,control,4
2015,control,4
2015,control,4
2015,control,4
2015,control,4
2015,control,4
2015,control,11
2015,control,11
2015,control,11
2015,control,11
2015,control,11
2015,control,11
2015,control,11
2015,exclosure,19
2015,exclosure,19
2015,exclosure,19
2015,exclosure,19
2015,exclosure,19
2015,exclosure,19
2015,exclosure,19
2015,exclosure,19
2015,exclosure,19
2015,exclosure,19
2015,exclosure,21
2015,exclosure,21
2015,exclosure,21
2015,exclosure,21
2015,exclosure,21
2015,exclosure,21
2015,exclosure,21
2015,exclosure,21
2015,exclosure,21
2015,removal,23
2015,removal,23
2015,removal,23
2015,removal,23
2015,exclosure,3
2015,exclosure,3
2015,exclosure,3
2015,exclosure,3
2015,exclosure,3
2015,exclosure,3
2015,exclosure,3
2015,exclosure,3
2015,exclosure,3
2015,control,14
2015,control,14
2015,control,14
2015,control,14
2015,control,14
2015,control,14
2015,control,14
2015,exclosure,15
2015,exclosure,15
2015,exclosure,15
2015,exclosure,15
2015,exclosure,15
2015,exclosure,15
2015,control,17
2015,control,17
2015,control,17
2015,control,17
2015,control,17
2015,control,17
2015,control,17
2015,control,17
2015,control,17
2015,control,17
2015,removal,16
2015,removal,16
2015,removal,16
2015,removal,16
2015,exclosure,15
2015,removal,10
2015,removal,10
2015,control,4
2015,control,4
2015,control,4
2015,control,4
2015,control,4
2015,control,4
2015,control,4
2015,control,4
2015,control,4
2015,control,4
2015,control,4
2015,control,4
2015,control,4
2015,control,4
2015,control,4
2015,control,4
2015,control,11
2015,control,11
2015,control,11
2015,control,11
2015,control,11
2015,control,11
2015,control,11
2015,control,11
2015,control,11
2015,control,11
2015,control,11
2015,control,11
2015,control,11
2015,control,11
2015,control,11
2015,control,11
2015,control,11
2015,control,11
2015,control,11
2015,exclosure,19
2015,exclosure,19
2015,exclosure,19
2015,exclosure,19
2015,exclosure,19
2015,exclosure,19
2015,exclosure,19
2015,exclosure,19
2015,exclosure,19
2015,exclosure,19
2015,exclosure,19
2015,exclosure,19
2015,exclosure,19
2015,exclosure,19
2015,exclosure,19
2015,exclosure,21
2015,exclosure,21
2015,exclosure,21
2015,exclosure,21
2015,exclosure,21
2015,exclosure,21
2015,exclosure,21
2015,exclosure,21
2015,exclosure,21
2015,exclosure,21
2015,exclosure,21
2015,exclosure,21
2015,exclosure,21
2015,exclosure,21
2015,exclosure,21
2015,exclosure,21
2015,exclosure,21
2015,exclosure,21
2015,exclosure,21
2015,exclosure,21
2015,exclosure,21
2015,exclosure,21
2015,removal,23
2015,removal,23
2015,removal,23
2015,removal,23
2015,removal,23
2015,removal,23
2015,removal,23
2015,removal,23
2015,removal,23
2015,removal,23
2015,exclosure,3
2015,exclosure,3
2015,exclosure,3
2015,exclosure,3
2015,exclosure,3
2015,exclosure,3
2015,exclosure,3
2015,exclosure,3
2015,exclosure,3
2015,exclosure,3
2015,exclosure,3
2015,exclosure,3
2015,exclosure,3
2015,exclosure,3
2015,exclosure,3
2015,exclosure,3
2015,exclosure,3
2015,exclosure,3
2015,exclosure,3
2015,exclosure,3
2015,exclosure,3
2015,exclosure,3
2015,control,14
2015,control,14
2015,control,14
2015,control,14
2015,control,14
2015,control,14
2015,control,14
2015,control,14
2015,control,14
2015,control,14
2015,control,14
2015,control,14
2015,control,14
2015,control,14
2015,control,14
2015,control,14
2015,exclosure,15
2015,exclosure,15
2015,exclosure,15
2015,exclosure,15
2015,exclosure,15
2015,exclosure,15
2015,exclosure,15
2015,exclosure,15
2015,exclosure,15
2015,exclosure,15
2015,exclosure,15
2015,control,17
2015,control,17
2015,control,17
2015,control,17
2015,control,17
2015,control,17
2015,control,17
2015,control,17
2015,control,17
2015,control,17
2015,control,17
2015,control,17
2015,control,17
2015,control,17
2015,control,17
2015,control,17
2015,control,17
2015,control,17
2015,control,17
2015,control,17
2015,control,17
2015,control,17
2015,control,17
2015,control,17
2015,control,17
2015,exclosure,15
2015,removal,16
2015,removal,16
2015,removal,16
2015,removal,16
2015,removal,16
2015,removal,16
2015,removal,16
2015,removal,16
2015,removal,16
2015,removal,16
2015,removal,16
2015,removal,16
2015,removal,16
2015,removal,16
2015,removal,16
2015,removal,16
2015,removal,10
2015,removal,10
2015,removal,10
2015,control,4
2015,control,4
2015,control,4
2015,control,4
2015,control,4
2015,control,4
2015,control,4
2015,control,4
2015,control,4
2015,control,4
2015,control,4
2015,control,4
2015,control,4
2015,control,4
2015,control,4
2015,control,4
2015,control,4
2015,control,4
2015,control,4
2015,control,4
2015,control,4
2015,control,4
2015,control,4
2015,control,4
2015,control,4
2015,exclosure,19
2015,exclosure,19
2015,exclosure,19
2015,exclosure,19
2015,exclosure,19
2015,exclosure,19
2015,exclosure,19
2015,exclosure,19
2015,exclosure,19
2015,exclosure,19
2015,exclosure,19
2015,exclosure,19
2015,exclosure,19
2015,exclosure,21
2015,exclosure,21
2015,exclosure,21
2015,exclosure,21
2015,exclosure,21
2015,exclosure,21
2015,exclosure,21
2015,exclosure,21
2015,exclosure,21
2015,exclosure,21
2015,exclosure,21
2015,exclosure,21
2015,exclosure,21
2015,exclosure,21
2015,exclosure,21
2015,exclosure,21
2015,exclosure,21
2015,control,11
2015,control,11
2015,control,11
2015,control,11
2015,control,11
2015,control,11
2015,control,11
2015,control,11
2015,control,11
2015,control,11
2015,control,11
2015,control,11
2015,control,11
2015,control,11
2015,control,11
2015,control,11
2015,control,11
2015,control,11
2015,control,11
2015,control,11
2015,control,11
2015,control,11
2015,control,11
2015,removal,23
2015,removal,23
2015,removal,23
2015,removal,23
2015,removal,23
2015,removal,23
2015,removal,23
2015,removal,23
2015,removal,23
2015,removal,23
2015,removal,23
2015,removal,23
2015,removal,23
2015,exclosure,3
2015,exclosure,3
2015,exclosure,3
2015,exclosure,3
2015,exclosure,3
2015,exclosure,3
2015,exclosure,3
2015,exclosure,3
2015,exclosure,3
2015,exclosure,3
2015,exclosure,3
2015,exclosure,3
2015,exclosure,3
2015,exclosure,3
2015,exclosure,3
2015,exclosure,3
2015,exclosure,3
2015,exclosure,3
2015,control,14
2015,control,14
2015,control,14
2015,control,14
2015,control,14
2015,control,14
2015,control,14
2015,control,14
2015,control,14
2015,control,14
2015,control,14
2015,control,14
2015,control,14
2015,control,14
2015,control,14
2015,exclosure,15
2015,exclosure,15
2015,exclosure,15
2015,exclosure,15
2015,exclosure,15
2015,exclosure,15
2015,exclosure,15
2015,exclosure,15
2015,exclosure,15
2015,exclosure,15
2015,exclosure,15
2015,exclosure,15
2015,exclosure,15
2015,exclosure,15
2015,exclosure,15
2015,exclosure,15
2015,control,17
2015,control,17
2015,control,17
2015,control,17
2015,control,17
2015,control,17
2015,control,17
2015,control,17
2015,control,17
2015,control,17
2015,control,17
2015,control,17
2015,control,17
2015,control,17
2015,control,17
2015,control,17
2015,control,17
2015,control,17
2015,control,17
2015,control,17
2015,control,17
2015,control,17
2015,control,17
2015,control,17
2015,control,17
2015,control,17
2015,control,17
2015,control,17
2015,control,17
2015,removal,16
2015,removal,16
2015,removal,16
2015,exclosure,15
2015,control,4
2015,control,4
2015,control,4
2015,control,4
2015,control,4
2015,control,4
2015,control,4
2015,control,11
2015,control,11
2015,control,11
2015,control,11
2015,control,11
2015,exclosure,19
2015,exclosure,19
2015,exclosure,19
2015,exclosure,19
2015,exclosure,19
2015,exclosure,19
2015,exclosure,19
2015,exclosure,19
2015,exclosure,19
2015,exclosure,19
2015,exclosure,19
2015,exclosure,21
2015,exclosure,21
2015,exclosure,21
2015,exclosure,21
2015,exclosure,21
2015,exclosure,21
2015,exclosure,21
2015,exclosure,21
2015,removal,23
2015,removal,23
2015,removal,23
2015,removal,23
2015,removal,23
2015,removal,23
2015,removal,23
2015,removal,23
2015,removal,23
2015,removal,23
2015,removal,23
2015,exclosure,21
2015,removal,23
2015,removal,23
2015,removal,23
2015,removal,23
2015,exclosure,3
2015,exclosure,3
2015,exclosure,3
2015,exclosure,3
2015,exclosure,3
2015,exclosure,3
2015,exclosure,3
2015,exclosure,3
2015,exclosure,3
2015,exclosure,3
2015,exclosure,3
2015,exclosure,3
2015,control,14
2015,control,14
2015,control,14
2015,control,14
2015,control,14
2015,control,14
2015,exclosure,15
2015,exclosure,15
2015,exclosure,15
2015,exclosure,15
2015,exclosure,15
2015,control,17
2015,control,17
2015,control,17
2015,control,17
2015,control,17
2015,control,17
2015,control,17
2015,control,17
2015,removal,16
2015,removal,16
2015,removal,16
2015,removal,16
2015,removal,16
2015,removal,16
2015,removal,16
2015,removal,16
2015,removal,16
2015,removal,16
2015,removal,16
2015,exclosure,15
2015,control,14
2015,control,14
2015,control,14
2015,control,14
2015,control,14
2015,control,14
2015,exclosure,15
2015,exclosure,15
2015,exclosure,15
2015,control,17
2015,control,17
2015,control,17
2015,control,17
2015,control,17
2015,control,17
2015,control,17
2015,removal,10
2015,removal,10
2015,removal,10
2015,removal,10
2015,removal,10
2015,removal,10
2015,removal,10
2015,control,4
2015,control,4
2015,control,4
2015,control,4
2015,control,4
2015,control,4
2015,control,4
2015,control,4
2015,control,4
2015,control,4
2015,control,4
2015,control,4
2015,control,4
2015,control,11
2015,control,11
2015,control,11
2015,control,11
2015,control,11
2015,control,11
2015,control,11
2015,control,11
2015,control,11
2015,control,11
2015,control,11
2015,control,11
2015,control,11
2015,control,11
2015,control,11
2015,control,11
2015,control,11
2015,exclosure,19
2015,exclosure,19
2015,exclosure,19
2015,exclosure,21
2015,exclosure,21
2015,exclosure,21
2015,exclosure,21
2015,exclosure,21
2015,exclosure,21
2015,exclosure,21
2015,exclosure,21
2015,exclosure,3
2015,exclosure,3
2015,exclosure,3
2015,exclosure,3
2015,exclosure,3
2015,exclosure,3
2015,exclosure,3
2015,exclosure,3
2015,exclosure,3
2015,control,14
2015,control,14
2015,control,14
2015,control,14
2015,exclosure,15
2015,exclosure,15
2015,exclosure,15
2015,control,17
2015,control,17
2015,control,17
2015,control,17
2015,control,17
2015,control,4
2015,control,4
2015,control,4
2015,control,4
2015,control,4
2015,control,4
2015,control,4
2015,control,4
2015,control,4
2015,control,4
2015,control,4
2015,control,4
2015,control,4
2015,control,4
2015,control,4
2015,control,4
2015,control,4
2015,control,4
2015,control,11
2015,control,11
2015,control,11
2015,control,11
2015,control,11
2015,control,11
2015,control,11
2015,control,11
2015,control,11
2015,control,11
2015,control,11
2015,control,11
2015,control,11
2015,exclosure,19
2015,exclosure,19
2015,exclosure,19
2015,exclosure,19
2015,exclosure,19
2015,exclosure,19
2015,exclosure,19
2015,exclosure,19
2015,exclosure,19
2015,exclosure,19
2015,exclosure,19
2015,exclosure,19
2015,exclosure,19
2015,exclosure,19
2015,exclosure,21
2015,exclosure,21
2015,exclosure,21
2015,exclosure,21
2015,exclosure,21
2015,exclosure,21
2015,exclosure,21
2015,exclosure,21
2015,exclosure,21
2015,exclosure,21
2015,removal,23
2015,removal,23
2015,removal,23
2015,exclosure,3
2015,exclosure,3
2015,exclosure,3
2015,exclosure,3
2015,exclosure,3
2015,exclosure,3
2015,exclosure,3
2015,exclosure,3
2015,exclosure,3
2015,exclosure,3
2015,exclosure,3
2015,exclosure,3
2015,exclosure,3
2015,exclosure,3
2015,exclosure,3
2015,exclosure,3
2015,control,14
2015,control,14
2015,control,14
2015,control,14
2015,control,14
2015,control,14
2015,control,14
2015,control,14
2015,control,14
2015,control,14
2015,control,14
2015,exclosure,15
2015,exclosure,15
2015,exclosure,15
2015,exclosure,15
2015,exclosure,15
2015,control,17
2015,control,17
2015,control,17
2015,control,17
2015,control,17
2015,control,17
2015,control,17
2015,control,17
2015,control,17
2015,control,17
2015,control,17
2015,control,17
2015,control,17
2015,control,17
2015,control,17
2015,control,17
2015,removal,10
2015,removal,10
2015,removal,10
2015,removal,10
2015,removal,10
2015,exclosure,15
2015,removal,16
2015,removal,16
2015,removal,16
2015,removal,16
2015,removal,16
2015,removal,16
2015,removal,16
2015,removal,16
2015,exclosure,19
2015,exclosure,19
2015,control,11
2015,control,11
2015,control,11
2015,control,11
2015,control,11
2015,control,11
2015,control,11
2015,control,11
2015,control,11
2015,control,11
2015,control,11
2015,control,11
2015,control,11
2015,control,11
2015,control,11
2015,control,11
2015,control,11
2015,control,11
2015,control,11
2015,exclosure,21
2015,exclosure,21
2015,exclosure,21
2015,exclosure,21
2015,control,4
2015,control,4
2015,control,4
2015,control,4
2015,control,4
2015,control,4
2015,control,4
2015,control,4
2015,control,4
2015,control,4
2015,control,4
2015,exclosure,19
2015,exclosure,19
2015,exclosure,19
2015,exclosure,19
2015,exclosure,19
2015,exclosure,19
2015,exclosure,19
2015,exclosure,19
2015,exclosure,19
2015,exclosure,19
2015,exclosure,19
2015,exclosure,19
2015,exclosure,19
2015,exclosure,19
2015,exclosure,19
2015,exclosure,21
2015,exclosure,21
2015,exclosure,21
2015,exclosure,21
2015,exclosure,21
2015,exclosure,21
2015,exclosure,21
2015,removal,23
2015,removal,23
2015,removal,23
2015,removal,23
2015,removal,23
2015,removal,23
2015,exclosure,3
2015,exclosure,3
2015,exclosure,3
2015,exclosure,3
2015,exclosure,3
2015,exclosure,3
2015,exclosure,3
2015,exclosure,3
2015,exclosure,3
2015,exclosure,3
2015,exclosure,3
2015,exclosure,3
2015,exclosure,3
2015,exclosure,3
2015,exclosure,3
2015,exclosure,3
2015,exclosure,3
2015,control,14
2015,control,14
2015,control,14
2015,control,14
2015,control,14
2015,control,14
2015,control,14
2015,control,14
2015,control,14
2015,control,14
2015,control,14
2015,control,14
2015,exclosure,15
2015,exclosure,15
2015,exclosure,15
2015,exclosure,15
2015,exclosure,15
2015,exclosure,15
2015,exclosure,15
2015,exclosure,15
2015,exclosure,15
2015,exclosure,15
2015,exclosure,15
2015,control,17
2015,control,17
2015,control,17
2015,control,17
2015,control,17
2015,control,17
2015,control,17
2015,control,17
2015,control,17
2015,control,17
2015,control,17
2015,control,17
2015,control,17
2015,control,17
2015,control,17
2015,control,17
2015,removal,10
2015,removal,10
2015,removal,10
2015,removal,10
2015,removal,16
2015,removal,16
2015,removal,16
2015,removal,16
2015,removal,16
2015,control,4
2015,control,4
2015,control,4
2015,control,4
2015,control,4
2015,control,4
2015,control,4
2015,control,4
2015,control,4
2015,control,4
2015,control,4
2015,control,4
2015,control,4
2015,control,11
2015,control,11
2015,control,11
2015,control,11
2015,control,11
2015,control,11
2015,control,11
2015,control,11
2015,control,11
2015,control,11
2015,control,11
2015,control,11
2015,control,11
2015,control,11
2015,exclosure,19
2015,exclosure,19
2015,exclosure,19
2015,exclosure,19
2015,exclosure,19
2015,exclosure,19
2015,exclosure,19
2015,exclosure,19
2015,exclosure,19
2015,exclosure,21
2015,exclosure,21
2015,exclosure,21
2015,exclosure,21
2015,exclosure,21
2015,exclosure,21
2015,exclosure,21
2015,exclosure,21
2015,removal,23
2015,removal,23
2015,removal,23
2015,exclosure,3
2015,exclosure,3
2015,exclosure,3
2015,exclosure,3
2015,exclosure,3
2015,exclosure,3
2015,exclosure,3
2015,exclosure,3
2015,exclosure,3
2015,exclosure,3
2015,exclosure,3
2015,exclosure,3
2015,exclosure,3
2015,exclosure,3
2015,exclosure,3
2015,exclosure,3
2015,exclosure,15
2015,exclosure,15
2015,exclosure,15
2015,exclosure,15
2015,exclosure,15
2015,exclosure,15
2015,exclosure,15
2015,exclosure,15
2015,exclosure,15
2015,exclosure,15
2015,exclosure,15
2015,control,14
2015,control,14
2015,control,14
2015,control,14
2015,control,14
2015,control,14
2015,control,14
2015,control,14
2015,control,17
2015,control,17
2015,control,17
2015,control,17
2015,control,17
2015,control,17
2015,control,17
2015,control,17
2015,control,17
2015,control,17
2015,control,17
2015,control,17
2015,control,17
2015,control,17
2015,control,17
2015,control,17
2015,exclosure,3
2015,removal,16
2015,removal,16
2015,removal,16
2015,removal,16
2015,removal,16
2015,removal,16
2015,removal,10
2015,removal,10
2016,control,14
2016,control,14
2016,control,14
2016,control,14
2016,control,14
2016,control,14
2016,control,14
2016,exclosure,15
2016,exclosure,15
2016,exclosure,15
2016,control,17
2016,control,17
2016,control,17
2016,control,17
2016,control,17
2016,control,17
2016,control,17
2016,removal,16
2016,removal,16
2016,exclosure,3
2016,exclosure,3
2016,exclosure,3
2016,exclosure,3
2016,exclosure,3
2016,exclosure,3
2016,control,4
2016,control,4
2016,control,4
2016,control,4
2016,control,4
2016,control,4
2016,control,4
2016,control,4
2016,control,4
2016,control,4
2016,control,4
2016,exclosure,19
2016,exclosure,19
2016,exclosure,19
2016,control,11
2016,control,11
2016,control,11
2016,control,11
2016,control,11
2016,control,11
2016,control,11
2016,control,11
2016,control,11
2016,control,11
2016,exclosure,21
2016,exclosure,21
2016,exclosure,21
2016,exclosure,21
2016,exclosure,21
2016,removal,23
2016,removal,23
2016,removal,23
2016,removal,23
2016,removal,23
2016,removal,23
2016,removal,23
2016,removal,23
2016,removal,23
2016,removal,23
2016,removal,23
2016,exclosure,3
2016,exclosure,3
2016,exclosure,3
2016,exclosure,3
2016,control,14
2016,control,14
2016,control,14
2016,control,14
2016,control,14
2016,control,14
2016,control,14
2016,control,14
2016,control,14
2016,exclosure,15
2016,exclosure,15
2016,control,17
2016,control,17
2016,control,17
2016,control,17
2016,control,17
2016,control,17
2016,control,17
2016,exclosure,3
2016,exclosure,3
2016,removal,16
2016,removal,16
2016,exclosure,15
2016,exclosure,15
2016,exclosure,15
2016,removal,10
2016,removal,10
2016,removal,10
2016,removal,10
2016,control,4
2016,control,4
2016,control,4
2016,control,4
2016,control,4
2016,control,11
2016,control,11
2016,control,11
2016,control,11
2016,exclosure,19
2016,exclosure,19
2016,exclosure,19
2016,exclosure,21
2016,exclosure,21
2016,exclosure,21
2016,exclosure,21
2016,control,4
2016,control,4
2016,control,4
2016,control,4
2016,control,11
2016,control,11
2016,control,11
2016,control,11
2016,control,11
2016,exclosure,19
2016,exclosure,19
2016,exclosure,21
2016,exclosure,21
2016,exclosure,21
2016,removal,23
2016,removal,23
2016,removal,23
2016,removal,23
2016,removal,23
2016,exclosure,3
2016,exclosure,3
2016,exclosure,3
2016,control,17
2016,control,17
2016,control,17
2016,control,17
2016,exclosure,15
2016,exclosure,15
2016,control,14
2016,control,14
2016,control,14
2016,control,14
2016,control,14
2016,exclosure,3
2016,removal,16
2016,removal,16
2016,removal,16
2016,exclosure,3
2016,exclosure,3
2016,exclosure,3
2016,exclosure,3
2016,control,17
2016,control,17
2016,control,17
2016,control,17
2016,exclosure,15
2016,exclosure,15
2016,control,14
2016,control,14
2016,control,14
2016,control,14
2016,control,14
2016,exclosure,3
2016,removal,16
2016,removal,16
2016,removal,10
2016,exclosure,3
2016,exclosure,3
2016,exclosure,3
2016,exclosure,3
2016,exclosure,3
2016,exclosure,3
2016,exclosure,3
2016,exclosure,3
2016,exclosure,3
2016,exclosure,3
2016,exclosure,3
2016,exclosure,3
2016,exclosure,3
2016,exclosure,3
2016,exclosure,3
2016,control,14
2016,control,14
2016,control,14
2016,control,14
2016,control,14
2016,control,14
2016,control,14
2016,control,14
2016,control,14
2016,exclosure,15
2016,control,17
2016,control,17
2016,control,17
2016,control,17
2016,control,17
2016,control,17
2016,control,17
2016,exclosure,3
2016,removal,16
2016,exclosure,3
2016,control,4
2016,control,4
2016,control,4
2016,control,4
2016,control,4
2016,control,4
2016,control,4
2016,control,4
2016,control,4
2016,control,4
2016,control,4
2016,control,4
2016,control,4
2016,control,11
2016,control,11
2016,control,11
2016,control,11
2016,control,11
2016,control,11
2016,control,11
2016,control,11
2016,control,11
2016,control,11
2016,control,11
2016,control,11
2016,exclosure,19
2016,exclosure,19
2016,exclosure,19
2016,exclosure,21
2016,exclosure,21
2016,exclosure,21
2016,exclosure,21
2016,exclosure,21
2016,exclosure,21
2016,removal,23
2016,removal,23
2016,removal,23
2016,removal,23
2016,removal,23
2016,exclosure,3
2016,exclosure,3
2016,exclosure,3
2016,exclosure,3
2016,exclosure,3
2016,control,14
2016,control,14
2016,control,14
2016,control,14
2016,control,14
2016,control,14
2016,control,14
2016,control,14
2016,exclosure,15
2016,exclosure,15
2016,exclosure,15
2016,exclosure,15
2016,exclosure,15
2016,exclosure,15
2016,exclosure,15
2016,exclosure,15
2016,control,17
2016,control,17
2016,control,17
2016,control,17
2016,control,17
2016,control,17
2016,control,17
2016,control,17
2016,control,17
2016,control,17
2016,control,17
2016,control,17
2016,control,17
2016,control,17
2016,control,17
2016,control,17
2016,control,17
2016,removal,16
2016,removal,16
2016,removal,16
2016,removal,16
2016,removal,16
2016,removal,16
2016,control,4
2016,control,4
2016,control,4
2016,control,4
2016,control,4
2016,control,4
2016,control,4
2016,control,4
2016,control,4
2016,control,4
2016,control,4
2016,control,4
2016,control,4
2016,control,11
2016,control,11
2016,control,11
2016,control,11
2016,control,11
2016,control,11
2016,control,11
2016,control,11
2016,control,11
2016,exclosure,19
2016,exclosure,19
2016,exclosure,19
2016,exclosure,19
2016,exclosure,19
2016,exclosure,19
2016,exclosure,19
2016,exclosure,21
2016,exclosure,21
2016,exclosure,21
2016,exclosure,21
2016,exclosure,21
2016,exclosure,21
2016,exclosure,21
2016,exclosure,21
2016,exclosure,21
2016,removal,23
2016,removal,23
2016,removal,23
2016,removal,23
2016,exclosure,3
2016,exclosure,3
2016,exclosure,3
2016,exclosure,3
2016,exclosure,3
2016,exclosure,3
2016,exclosure,3
2016,exclosure,3
2016,control,17
2016,control,17
2016,control,17
2016,control,17
2016,control,17
2016,control,17
2016,control,17
2016,control,17
2016,exclosure,15
2016,exclosure,15
2016,exclosure,15
2016,exclosure,15
2016,control,14
2016,control,14
2016,control,14
2016,control,14
2016,control,14
2016,control,14
2016,control,14
2016,control,14
2016,control,4
2016,control,4
2016,control,4
2016,control,4
2016,control,4
2016,control,4
2016,control,4
2016,control,4
2016,control,4
2016,control,4
2016,control,4
2016,exclosure,19
2016,exclosure,19
2016,exclosure,19
2016,exclosure,21
2016,exclosure,21
2016,exclosure,21
2016,exclosure,21
2016,exclosure,21
2016,control,11
2016,control,11
2016,control,11
2016,control,11
2016,control,11
2016,control,11
2016,control,11
2016,control,11
2016,control,11
2016,removal,23
2016,removal,23
2016,removal,23
2016,exclosure,3
2016,exclosure,3
2016,exclosure,3
2016,exclosure,3
2016,exclosure,3
2016,exclosure,3
2016,exclosure,3
2016,exclosure,3
2016,exclosure,3
2016,exclosure,3
2016,control,14
2016,control,14
2016,control,14
2016,control,14
2016,control,14
2016,control,14
2016,control,14
2016,control,14
2016,control,14
2016,control,14
2016,control,14
2016,control,14
2016,exclosure,15
2016,exclosure,15
2016,exclosure,15
2016,exclosure,15
2016,control,17
2016,control,17
2016,control,17
2016,control,17
2016,control,17
2016,control,17
2016,control,17
2016,control,17
2016,control,17
2016,control,17
2016,control,17
2016,control,17
2016,removal,16
2016,control,4
2016,control,4
2016,control,4
2016,control,4
2016,control,4
2016,control,4
2016,control,4
2016,control,4
2016,control,4
2016,control,4
2016,control,4
2016,control,4
2016,control,4
2016,control,4
2016,exclosure,19
2016,exclosure,19
2016,exclosure,19
2016,exclosure,19
2016,exclosure,19
2016,exclosure,19
2016,exclosure,19
2016,control,11
2016,control,11
2016,control,11
2016,control,11
2016,control,11
2016,control,11
2016,control,11
2016,control,11
2016,exclosure,21
2016,exclosure,21
2016,exclosure,21
2016,exclosure,21
2016,exclosure,21
2016,exclosure,21
2016,removal,23
2016,removal,23
2016,removal,23
2016,removal,23
2016,exclosure,3
2016,exclosure,3
2016,exclosure,3
2016,exclosure,3
2016,exclosure,3
2016,exclosure,3
2016,exclosure,3
2016,exclosure,3
2016,control,14
2016,control,14
2016,control,14
2016,control,14
2016,control,14
2016,control,14
2016,control,14
2016,control,14
2016,control,14
2016,exclosure,15
2016,exclosure,15
2016,exclosure,15
2016,exclosure,15
2016,exclosure,15
2016,control,17
2016,control,17
2016,control,17
2016,control,17
2016,control,17
2016,control,17
2016,control,17
2016,control,17
2016,control,17
2016,removal,16
2016,removal,16
2016,removal,10
2016,removal,10
2016,control,4
2016,control,4
2016,control,4
2016,control,4
2016,control,4
2016,control,4
2016,control,4
2016,control,4
2016,control,4
2016,control,11
2016,control,11
2016,control,11
2016,control,11
2016,control,11
2016,control,11
2016,exclosure,19
2016,exclosure,19
2016,exclosure,19
2016,exclosure,21
2016,exclosure,21
2016,exclosure,21
2016,exclosure,21
2016,exclosure,21
2016,exclosure,21
2016,removal,16
2016,removal,16
2016,removal,16
2016,removal,23
2016,removal,23
2016,exclosure,3
2016,exclosure,3
2016,exclosure,3
2016,exclosure,3
2016,exclosure,3
2016,exclosure,3
2016,control,14
2016,control,14
2016,control,14
2016,control,14
2016,control,14
2016,control,14
2016,control,14
2016,exclosure,15
2016,exclosure,15
2016,exclosure,15
2016,exclosure,15
2016,exclosure,15
2016,exclosure,15
2016,control,17
2016,control,17
2016,control,17
2016,control,17
2016,control,17
2016,control,17
2016,control,17
2016,control,17
2016,control,17
2016,control,17
2016,control,17
2016,control,4
2016,control,4
2016,control,4
2016,control,4
2016,control,4
2016,control,11
2016,control,11
2016,control,11
2016,control,11
2016,control,11
2016,exclosure,21
2016,exclosure,21
2016,exclosure,21
2016,exclosure,21
2016,exclosure,21
2016,exclosure,21
2016,removal,23
2016,removal,23
2016,exclosure,3
2016,exclosure,3
2016,exclosure,3
2016,control,14
2016,control,14
2016,control,14
2016,control,14
2016,control,14
2016,control,14
2016,control,14
2016,exclosure,15
2016,exclosure,15
2016,exclosure,15
2016,control,17
2016,control,17
2016,control,17
2016,control,17
2016,control,17
2016,control,17
2016,control,17
2016,removal,16
2016,control,4
2016,control,4
2016,control,4
2016,control,4
2016,control,4
2016,control,4
2016,control,4
2016,control,11
2016,control,11
2016,control,11
2016,control,11
2016,control,11
2016,exclosure,19
2016,exclosure,21
2016,exclosure,21
2016,exclosure,21
2016,exclosure,21
2016,removal,23
2016,control,14
2016,control,14
2016,control,14
2016,control,14
2016,control,14
2016,control,14
2016,control,14
2016,exclosure,15
2016,exclosure,15
2016,control,17
2016,control,17
2016,control,17
2016,control,17
2016,control,17
2016,control,17
2016,removal,16
2016,exclosure,3
2016,control,14
2016,control,14
2016,control,14
2016,control,14
2016,control,14
2016,exclosure,15
2016,control,17
2016,control,17
2016,control,17
2016,control,17
2016,control,17
2016,control,17
2016,control,17
2016,control,17
2016,control,17
2016,control,17
2016,control,17
2016,control,17
2016,removal,16
2016,removal,16
2016,removal,16
2016,removal,16
2016,removal,10
2017,control,4
2017,control,4
2017,control,4
2017,control,4
2017,control,4
2017,control,4
2017,control,4
2017,control,11
2017,control,11
2017,exclosure,21
2017,exclosure,21
2017,exclosure,21
2017,control,14
2017,control,14
2017,control,14
2017,control,14
2017,control,14
2017,control,14
2017,control,17
2017,control,17
2017,control,17
2017,control,17
2017,control,17
2017,control,17
2017,control,17
2017,removal,16
2017,removal,16
2017,removal,16
2017,removal,16
2017,removal,16
2017,removal,16
2017,exclosure,15
2017,exclosure,15
2017,control,4
2017,control,4
2017,control,4
2017,control,4
2017,control,4
2017,control,4
2017,control,4
2017,control,4
2017,control,11
2017,control,11
2017,control,11
2017,control,11
2017,control,11
2017,control,11
2017,control,11
2017,exclosure,21
2017,exclosure,19
2017,removal,23
2017,removal,23
2017,exclosure,3
2017,exclosure,3
2017,control,14
2017,control,14
2017,control,14
2017,control,14
2017,control,14
2017,control,14
2017,control,14
2017,control,14
2017,control,14
2017,exclosure,15
2017,exclosure,15
2017,exclosure,15
2017,control,17
2017,control,17
2017,control,17
2017,control,17
2017,control,17
2017,control,17
2017,control,17
2017,control,17
2017,control,17
2017,control,17
2017,exclosure,15
2017,exclosure,15
2017,exclosure,15
2017,removal,10
2017,removal,16
2017,removal,16
2017,control,4
2017,control,4
2017,control,4
2017,control,4
2017,control,4
2017,control,4
2017,control,4
2017,control,4
2017,control,4
2017,control,4
2017,control,4
2017,control,4
2017,control,11
2017,control,11
2017,control,11
2017,control,11
2017,control,11
2017,control,11
2017,control,11
2017,exclosure,19
2017,exclosure,19
2017,exclosure,19
2017,exclosure,21
2017,removal,23
2017,exclosure,3
2017,control,14
2017,control,14
2017,control,14
2017,control,14
2017,control,14
2017,control,14
2017,exclosure,15
2017,exclosure,15
2017,exclosure,15
2017,control,17
2017,control,17
2017,control,17
2017,control,17
2017,control,17
2017,control,17
2017,control,17
2017,control,17
2017,control,17
2017,control,17
2017,exclosure,15
2017,exclosure,15
2017,removal,16
2017,removal,16
2017,removal,16
2017,removal,16
2017,removal,16
2017,removal,16
2017,control,4
2017,control,4
2017,control,4
2017,control,4
2017,control,4
2017,control,4
2017,control,11
2017,control,11
2017,control,11
2017,control,11
2017,control,11
2017,control,11
2017,exclosure,19
2017,exclosure,19
2017,exclosure,19
2017,exclosure,21
2017,removal,23
2017,removal,23
2017,removal,23
2017,removal,23
2017,exclosure,3
2017,exclosure,3
2017,exclosure,3
2017,exclosure,3
2017,exclosure,3
2017,control,14
2017,control,14
2017,control,14
2017,control,14
2017,control,14
2017,control,14
2017,control,14
2017,control,14
2017,control,14
2017,control,14
2017,control,14
2017,control,14
2017,control,14
2017,exclosure,15
2017,exclosure,15
2017,exclosure,15
2017,control,17
2017,control,17
2017,control,17
2017,control,17
2017,control,17
2017,control,17
2017,control,17
2017,control,17
2017,removal,16
2017,removal,10
2017,removal,16
2017,removal,16
2017,removal,16
2017,control,4
2017,control,4
2017,control,4
2017,control,4
2017,control,4
2017,control,11
2017,control,11
2017,control,11
2017,control,11
2017,control,11
2017,control,11
2017,exclosure,19
2017,exclosure,19
2017,exclosure,19
2017,exclosure,19
2017,exclosure,19
2017,exclosure,19
2017,exclosure,21
2017,exclosure,21
2017,exclosure,21
2017,exclosure,21
2017,removal,23
2017,removal,23
2017,removal,23
2017,removal,23
2017,exclosure,3
2017,exclosure,3
2017,exclosure,3
2017,control,14
2017,control,14
2017,control,14
2017,control,14
2017,control,14
2017,control,14
2017,control,14
2017,control,14
2017,control,14
2017,exclosure,15
2017,exclosure,15
2017,exclosure,15
2017,exclosure,15
2017,exclosure,15
2017,exclosure,15
2017,exclosure,15
2017,control,17
2017,control,17
2017,control,17
2017,control,17
2017,control,17
2017,control,17
2017,control,17
2017,control,17
2017,control,17
2017,control,17
2017,control,17
2017,exclosure,3
2017,removal,16
2017,removal,16
2017,removal,16
2017,removal,16
2017,removal,16
2017,removal,16
2017,control,4
2017,control,4
2017,control,4
2017,control,4
2017,control,4
2017,control,4
2017,control,4
2017,control,4
2017,control,4
2017,control,4
2017,exclosure,19
2017,exclosure,19
2017,exclosure,19
2017,exclosure,19
2017,exclosure,19
2017,exclosure,19
2017,control,11
2017,control,11
2017,control,11
2017,control,11
2017,control,11
2017,control,11
2017,control,11
2017,control,11
2017,control,11
2017,control,11
2017,exclosure,21
2017,exclosure,21
2017,exclosure,21
2017,exclosure,21
2017,exclosure,21
2017,exclosure,21
2017,exclosure,21
2017,removal,23
2017,removal,23
2017,exclosure,3
2017,exclosure,3
2017,exclosure,3
2017,exclosure,3
2017,exclosure,3
2017,exclosure,3
2017,exclosure,3
2017,exclosure,3
2017,exclosure,3
2017,exclosure,3
2017,control,14
2017,control,14
2017,control,14
2017,control,14
2017,control,14
2017,control,14
2017,control,14
2017,control,14
2017,control,14
2017,control,14
2017,control,14
2017,control,14
2017,control,14
2017,control,14
2017,control,14
2017,control,14
2017,exclosure,15
2017,exclosure,15
2017,exclosure,15
2017,exclosure,15
2017,exclosure,15
2017,exclosure,15
2017,exclosure,15
2017,control,17
2017,control,17
2017,control,17
2017,control,17
2017,control,17
2017,control,17
2017,control,17
2017,control,17
2017,control,17
2017,control,17
2017,control,17
2017,removal,16
2017,removal,16
2017,removal,16
2017,exclosure,21
2017,exclosure,21
2017,exclosure,21
2017,exclosure,21
2017,exclosure,21
2017,exclosure,21
2017,exclosure,21
2017,exclosure,19
2017,exclosure,19
2017,exclosure,19
2017,exclosure,19
2017,control,4
2017,control,4
2017,control,4
2017,control,4
2017,control,4
2017,control,4
2017,control,4
2017,control,4
2017,control,4
2017,control,4
2017,control,11
2017,control,11
2017,control,11
2017,control,11
2017,control,11
2017,control,11
2017,control,11
2017,control,11
2017,control,11
2017,control,11
2017,control,11
2017,removal,23
2017,exclosure,3
2017,exclosure,3
2017,exclosure,3
2017,exclosure,3
2017,exclosure,3
2017,exclosure,3
2017,control,14
2017,control,14
2017,control,14
2017,control,14
2017,control,14
2017,control,14
2017,control,14
2017,control,14
2017,exclosure,15
2017,exclosure,15
2017,exclosure,15
2017,exclosure,15
2017,control,17
2017,control,17
2017,control,17
2017,control,17
2017,control,17
2017,control,17
2017,control,17
2017,control,17
2017,removal,16
2017,removal,16
2017,removal,16
2017,removal,16
2017,removal,16
2017,removal,16
2017,removal,16
2017,control,4
2017,control,4
2017,control,4
2017,control,4
2017,control,4
2017,control,4
2017,control,4
2017,control,4
2017,control,4
2017,control,4
2017,control,4
2017,control,4
2017,control,4
2017,exclosure,19
2017,exclosure,19
2017,exclosure,19
2017,exclosure,19
2017,exclosure,19
2017,exclosure,19
2017,exclosure,19
2017,control,11
2017,control,11
2017,control,11
2017,control,11
2017,control,11
2017,control,11
2017,control,11
2017,control,11
2017,control,11
2017,exclosure,21
2017,exclosure,21
2017,exclosure,21
2017,exclosure,21
2017,exclosure,21
2017,exclosure,21
2017,exclosure,21
2017,exclosure,21
2017,exclosure,21
2017,removal,23
2017,control,4
2017,control,4
2017,control,4
2017,control,4
2017,control,4
2017,control,4
2017,control,4
2017,control,4
2017,control,4
2017,control,4
2017,control,4
2017,control,11
2017,control,11
2017,control,11
2017,control,11
2017,control,11
2017,control,11
2017,control,11
2017,control,11
2017,control,11
2017,control,11
2017,control,11
2017,control,11
2017,control,11
2017,exclosure,19
2017,exclosure,19
2017,exclosure,19
2017,exclosure,19
2017,exclosure,19
2017,exclosure,19
2017,exclosure,19
2017,exclosure,19
2017,exclosure,21
2017,exclosure,21
2017,exclosure,21
2017,exclosure,21
2017,exclosure,21
2017,exclosure,21
2017,exclosure,21
2017,exclosure,21
2017,exclosure,21
2017,exclosure,21
2017,exclosure,21
2017,exclosure,21
2017,exclosure,21
2017,exclosure,21
2017,removal,23
2017,removal,23
2017,exclosure,3
2017,exclosure,3
2017,exclosure,3
2017,exclosure,3
2017,exclosure,3
2017,exclosure,3
2017,exclosure,3
2017,exclosure,3
2017,exclosure,3
2017,control,14
2017,control,14
2017,control,14
2017,control,14
2017,control,14
2017,control,14
2017,control,14
2017,control,14
2017,control,14
2017,control,14
2017,control,14
2017,exclosure,15
2017,exclosure,15
2017,exclosure,15
2017,exclosure,15
2017,exclosure,15
2017,exclosure,15
2017,exclosure,15
2017,control,17
2017,control,17
2017,control,17
2017,control,17
2017,control,17
2017,control,17
2017,control,17
2017,control,17
2017,control,17
2017,control,17
2017,control,17
2017,removal,10
2017,removal,16
2017,removal,16
2017,removal,16
2017,removal,16
2017,removal,16
2017,removal,16
2017,control,4
2017,control,4
2017,control,4
2017,control,4
2017,control,4
2017,control,4
2017,control,4
2017,control,4
2017,control,4
2017,control,4
2017,control,4
2017,control,4
2017,control,4
2017,control,4
2017,control,4
2017,control,4
2017,control,4
2017,control,4
2017,control,4
2017,control,4
2017,control,4
2017,control,11
2017,control,11
2017,control,11
2017,control,11
2017,control,11
2017,control,11
2017,control,11
2017,control,11
2017,control,11
2017,control,11
2017,control,11
2017,control,11
2017,control,11
2017,control,11
2017,control,11
2017,control,11
2017,exclosure,19
2017,exclosure,19
2017,exclosure,19
2017,exclosure,19
2017,exclosure,19
2017,exclosure,19
2017,exclosure,19
2017,exclosure,19
2017,exclosure,19
2017,exclosure,21
2017,exclosure,21
2017,exclosure,21
2017,exclosure,21
2017,exclosure,21
2017,exclosure,21
2017,exclosure,21
2017,exclosure,21
2017,exclosure,21
2017,removal,23
2017,exclosure,3
2017,exclosure,3
2017,exclosure,3
2017,exclosure,3
2017,exclosure,3
2017,exclosure,3
2017,exclosure,3
2017,exclosure,3
2017,exclosure,3
2017,exclosure,3
2017,exclosure,3
2017,exclosure,3
2017,exclosure,3
2017,control,14
2017,control,14
2017,control,14
2017,control,14
2017,control,14
2017,control,14
2017,control,14
2017,control,14
2017,control,14
2017,control,14
2017,control,14
2017,control,14
2017,exclosure,15
2017,exclosure,15
2017,exclosure,15
2017,exclosure,15
2017,exclosure,15
2017,exclosure,15
2017,exclosure,15
2017,exclosure,15
2017,exclosure,15
2017,exclosure,15
2017,control,17
2017,control,17
2017,control,17
2017,control,17
2017,control,17
2017,control,17
2017,control,17
2017,control,17
2017,control,17
2017,control,17
2017,control,17
2017,control,17
2017,control,17
2017,control,17
2017,control,17
2017,control,17
2017,control,17
2017,removal,16
2017,removal,16
2017,removal,16
2017,removal,16
2017,removal,16
2017,removal,16
2017,removal,16
2017,removal,16
2017,removal,16
2017,removal,10
2017,removal,10
2017,control,4
2017,control,4
2017,control,4
2017,control,4
2017,control,4
2017,control,4
2017,control,4
2017,control,4
2017,control,4
2017,control,4
2017,control,11
2017,control,11
2017,control,11
2017,control,11
2017,control,11
2017,control,11
2017,control,11
2017,control,11
2017,control,11
2017,exclosure,19
2017,exclosure,19
2017,exclosure,19
2017,exclosure,19
2017,exclosure,19
2017,exclosure,19
2017,exclosure,19
2017,exclosure,21
2017,exclosure,21
2017,exclosure,21
2017,exclosure,21
2017,exclosure,21
2017,removal,23
2017,removal,23
2017,removal,23
2017,removal,23
2017,exclosure,3
2017,exclosure,3
2017,exclosure,3
2017,exclosure,3
2017,exclosure,3
2017,exclosure,3
2017,exclosure,3
2017,exclosure,3
2017,exclosure,3
2017,exclosure,3
2017,exclosure,3
2017,exclosure,3
2017,control,14
2017,control,14
2017,control,14
2017,control,14
2017,control,14
2017,control,14
2017,exclosure,15
2017,exclosure,15
2017,exclosure,15
2017,exclosure,15
2017,exclosure,15
2017,control,17
2017,control,17
2017,control,17
2017,control,17
2017,control,17
2017,control,17
2017,control,17
2017,removal,10
2017,removal,16
2017,removal,16
2017,removal,16
2017,removal,16
2017,control,4
2017,control,4
2017,control,4
2017,control,4
2017,control,4
2017,control,4
2017,control,4
2017,control,4
2017,exclosure,19
2017,exclosure,19
2017,exclosure,19
2017,exclosure,19
2017,control,11
2017,control,11
2017,control,11
2017,control,11
2017,control,11
2017,control,11
2017,control,11
2017,exclosure,21
2017,exclosure,21
2017,exclosure,21
2017,exclosure,21
2017,exclosure,21
2017,exclosure,21
2017,exclosure,21
2017,removal,23
2017,removal,23
2017,removal,23
2017,removal,23
2017,exclosure,3
2017,exclosure,3
2017,exclosure,3
2017,exclosure,3
2017,control,14
2017,control,14
2017,control,14
2017,control,14
2017,control,14
2017,control,14
2017,control,14
2017,exclosure,15
2017,control,17
2017,control,17
2017,control,17
2017,control,17
2017,control,17
2017,control,17
2017,removal,16
2017,removal,16
2017,removal,16
2017,removal,10
2017,removal,16
2017,removal,16
2017,control,4
2017,control,4
2017,control,4
2017,exclosure,19
2017,exclosure,21
2017,exclosure,21
2017,exclosure,21
2017,exclosure,21
2017,exclosure,21
2017,control,11
2017,control,11
2017,control,11
2017,control,11
2017,control,11
2017,removal,23
2017,removal,23
2017,removal,23
2018,control,4
2018,control,4
2018,control,4
2018,control,4
2018,control,4
2018,control,4
2018,control,4
2018,control,4
2018,control,4
2018,control,11
2018,control,11
2018,control,11
2018,exclosure,21
2018,exclosure,21
2018,exclosure,21
2018,exclosure,21
2018,exclosure,21
2018,exclosure,21
2018,exclosure,21
2018,removal,23
2018,removal,23
2018,control,4
2018,control,4
2018,control,4
2018,control,11
2018,control,11
2018,control,11
2018,control,11
2018,control,11
2018,control,11
2018,exclosure,21
2018,exclosure,21
2018,exclosure,21
2018,removal,23
2018,exclosure,21
2018,exclosure,21
2018,exclosure,21
2018,exclosure,21
2018,exclosure,21
2018,exclosure,19
2018,exclosure,19
2018,exclosure,19
2018,removal,23
2018,removal,23
2018,removal,23
2018,removal,23
2018,removal,23
2018,control,17
2018,control,17
2018,control,17
2018,control,17
2018,exclosure,15
2018,control,14
2018,control,14
2018,control,14
2018,control,14
2018,control,14
2018,control,14
2018,control,14
2018,removal,16
2018,removal,16
2018,removal,16
2018,removal,16
2018,removal,16
2018,removal,16
2018,removal,16
2018,control,4
2018,control,4
2018,control,4
2018,control,4
2018,control,4
2018,control,11
2018,control,11
2018,control,11
2018,control,11
2018,control,11
2018,control,11
2018,control,11
2018,control,11
2018,control,4
2018,control,4
2018,control,4
2018,control,4
2018,control,4
2018,control,4
2018,control,11
2018,control,11
2018,control,11
2018,control,11
2018,control,11
2018,control,11
2018,control,11
2018,control,11
2018,control,11
2018,control,11
2018,control,11
2018,exclosure,19
2018,exclosure,21
2018,exclosure,21
2018,exclosure,21
2018,exclosure,21
2018,removal,23
2018,removal,23
2018,removal,23
2018,removal,23
2018,control,17
2018,control,17
2018,control,17
2018,control,17
2018,exclosure,15
2018,control,14
2018,control,14
2018,control,14
2018,control,14
2018,control,14
2018,control,14
2018,exclosure,3
2018,exclosure,3
2018,exclosure,3
2018,exclosure,3
2018,exclosure,3
2018,exclosure,3
2018,removal,16
2018,removal,10
2018,removal,10
2018,removal,16
2018,control,4
2018,control,4
2018,control,4
2018,control,4
2018,control,4
2018,control,4
2018,control,11
2018,control,11
2018,control,11
2018,control,11
2018,control,11
2018,control,11
2018,control,11
2018,control,11
2018,exclosure,19
2018,exclosure,19
2018,exclosure,19
2018,exclosure,19
2018,exclosure,19
2018,exclosure,19
2018,exclosure,19
2018,exclosure,21
2018,exclosure,21
2018,exclosure,21
2018,exclosure,21
2018,exclosure,21
2018,removal,23
2018,removal,23
2018,removal,23
2018,exclosure,3
2018,exclosure,3
2018,exclosure,3
2018,exclosure,3
2018,exclosure,3
2018,exclosure,15
2018,exclosure,15
2018,exclosure,15
2018,exclosure,15
2018,control,17
2018,control,17
2018,control,17
2018,control,17
2018,control,17
2018,control,17
2018,control,17
2018,control,14
2018,control,14
2018,control,14
2018,control,14
2018,control,14
2018,control,14
2018,control,14
2018,control,14
2018,control,14
2018,removal,10
2018,removal,10
2018,removal,16
2018,removal,16
2018,control,4
2018,control,4
2018,control,4
2018,control,4
2018,control,4
2018,control,4
2018,control,4
2018,control,11
2018,control,11
2018,control,11
2018,control,11
2018,control,11
2018,control,11
2018,control,11
2018,exclosure,19
2018,exclosure,19
2018,exclosure,19
2018,exclosure,19
2018,exclosure,19
2018,exclosure,19
2018,exclosure,21
2018,exclosure,21
2018,exclosure,21
2018,exclosure,21
2018,exclosure,21
2018,exclosure,21
2018,exclosure,21
2018,exclosure,21
2018,exclosure,21
2018,exclosure,21
2018,removal,23
2018,removal,23
2018,exclosure,3
2018,exclosure,3
2018,control,17
2018,control,17
2018,control,17
2018,control,17
2018,control,17
2018,control,17
2018,control,17
2018,control,17
2018,control,17
2018,control,17
2018,control,14
2018,control,14
2018,control,14
2018,control,14
2018,control,14
2018,control,14
2018,exclosure,15
2018,exclosure,15
2018,exclosure,15
2018,exclosure,15
2018,exclosure,15
2018,exclosure,15
2018,exclosure,15
2018,exclosure,15
2018,removal,16
2018,removal,16
2018,removal,10
2018,control,4
2018,control,4
2018,control,4
2018,control,4
2018,control,4
2018,control,4
2018,control,4
2018,control,4
2018,control,4
2018,control,4
2018,exclosure,19
2018,exclosure,19
2018,exclosure,19
2018,exclosure,19
2018,exclosure,19
2018,exclosure,19
2018,control,11
2018,control,11
2018,control,11
2018,control,11
2018,control,11
2018,exclosure,21
2018,exclosure,21
2018,exclosure,21
2018,exclosure,21
2018,exclosure,21
2018,exclosure,21
2018,exclosure,21
2018,exclosure,21
2018,exclosure,21
2018,exclosure,21
2018,removal,23
2018,exclosure,3
2018,exclosure,3
2018,exclosure,3
2018,exclosure,3
2018,exclosure,3
2018,exclosure,3
2018,exclosure,3
2018,control,17
2018,control,17
2018,control,17
2018,control,17
2018,control,17
2018,control,17
2018,control,17
2018,control,14
2018,control,14
2018,control,14
2018,control,14
2018,control,14
2018,control,14
2018,exclosure,15
2018,exclosure,15
2018,removal,16
2018,removal,16
2018,removal,16
2018,removal,16
2018,removal,10
2018,removal,16
2018,removal,16
2018,removal,16
2018,removal,16
2018,control,4
2018,control,4
2018,control,11
2018,control,11
2018,control,11
2018,control,11
2018,exclosure,19
2018,exclosure,19
2018,exclosure,19
2018,exclosure,21
2018,exclosure,21
2018,exclosure,21
2018,removal,23
2018,removal,23
2018,exclosure,3
2018,exclosure,3
2018,control,17
2018,control,17
2018,control,17
2018,control,17
2018,control,17
2018,control,17
2018,control,17
2018,exclosure,15
2018,exclosure,15
2018,control,14
2018,control,14
2018,control,14
2018,control,14
2018,control,14
2018,control,14
2018,removal,16
2018,removal,16
2018,control,4
2018,control,4
2018,control,4
2018,exclosure,19
2018,exclosure,19
2018,exclosure,19
2018,exclosure,19
2018,control,11
2018,control,11
2018,control,11
2018,control,11
2018,control,11
2018,exclosure,21
2018,exclosure,21
2018,exclosure,21
2018,exclosure,21
2018,exclosure,21
2018,exclosure,21
2018,exclosure,21
2018,exclosure,21
2018,exclosure,3
2018,exclosure,3
2018,exclosure,3
2018,exclosure,3
2018,control,17
2018,control,17
2018,control,17
2018,control,17
2018,control,17
2018,control,17
2018,exclosure,15
2018,exclosure,15
2018,control,14
2018,control,14
2018,control,14
2018,control,14
2018,control,14
2018,control,14
2018,removal,16
2018,removal,16
2018,control,4
2018,control,4
2018,control,4
2018,control,4
2018,control,4
2018,control,4
2018,control,4
2018,control,4
2018,control,11
2018,control,11
2018,exclosure,19
2018,exclosure,19
2018,exclosure,21
2018,exclosure,21
2018,exclosure,21
2018,exclosure,21
2018,exclosure,21
2018,removal,23
2018,removal,23
2018,exclosure,3
2018,exclosure,3
2018,control,17
2018,control,17
2018,control,17
2018,exclosure,15
2018,exclosure,15
2018,control,14
2018,control,14
2018,control,14
2018,removal,16
2018,control,4
2018,control,4
2018,control,4
2018,control,4
2018,exclosure,21
2018,exclosure,21
2018,exclosure,21
2018,control,14
2018,control,14
2018,control,14
2018,control,17
2018,control,17
2018,control,17
2018,control,17
2018,control,17
2018,control,17
2018,control,17
2018,control,17
2018,control,17
2018,control,17
2018,control,17
2018,control,17
2018,control,14
2018,control,14
2018,control,14
2018,control,14
2018,control,14
2019,exclosure,21
2019,exclosure,21
2019,removal,23
2019,control,17
2019,control,17
2019,control,17
2019,control,17
2019,control,14
2019,control,14
2019,control,14
2019,control,14
2019,control,14
2019,control,14
2019,control,14
2019,control,14
2019,control,14
2019,control,14
2019,removal,16
2019,control,4
2019,control,4
2019,control,4
2019,control,4
2019,control,11
2019,control,11
2019,exclosure,19
2019,exclosure,21
2019,exclosure,21
2019,exclosure,21
2019,removal,23
2019,control,17
2019,control,17
2019,control,17
2019,exclosure,15
2019,control,14
2019,control,14
2019,control,14
2019,control,14
2019,control,14
2019,control,14
2019,control,14
2019,removal,16
2019,exclosure,3
2019,control,4
2019,control,4
2019,control,4
2019,control,4
2019,control,4
2019,control,4
2019,control,4
2019,control,11
2019,control,11
2019,control,11
2019,control,11
2019,control,11
2019,exclosure,19
2019,exclosure,21
2019,exclosure,21
2019,exclosure,21
2019,exclosure,3
2019,exclosure,3
2019,control,14
2019,control,14
2019,exclosure,15
2019,exclosure,15
2019,exclosure,15
2019,exclosure,15
2019,control,17
2019,control,17
2019,control,17
2019,control,17
2019,removal,16
2019,removal,16
2019,removal,16
2019,removal,16
2019,control,4
2019,control,4
2019,control,4
2019,control,4
2019,control,4
2019,control,11
2019,control,11
2019,control,11
2019,exclosure,19
2019,exclosure,21
2019,exclosure,21
2019,removal,23
2019,exclosure,3
2019,control,14
2019,control,14
2019,control,14
2019,control,14
2019,exclosure,15
2019,exclosure,15
2019,control,17
2019,control,17
2019,control,17
2019,control,17
2019,control,17
2019,control,17
2019,control,17
2019,removal,10
2019,removal,16
2019,control,4
2019,control,4
2019,control,4
2019,control,4
2019,control,4
2019,exclosure,19
2019,exclosure,19
2019,exclosure,19
2019,exclosure,19
2019,exclosure,19
2019,control,11
2019,control,11
2019,control,11
2019,control,11
2019,exclosure,21
2019,exclosure,21
2019,exclosure,21
2019,exclosure,21
2019,exclosure,3
2019,control,14
2019,control,14
2019,control,14
2019,control,14
2019,control,14
2019,control,14
2019,control,14
2019,control,4
2019,control,4
2019,control,4
2019,control,4
2019,control,4
2019,control,4
2019,control,11
2019,control,11
2019,control,11
2019,exclosure,19
2019,exclosure,21
2019,exclosure,21
2019,removal,23
2019,exclosure,3
2019,exclosure,3
2019,exclosure,3
2019,exclosure,3
2019,exclosure,3
2019,exclosure,3
2019,control,17
2019,control,17
2019,control,17
2019,control,17
2019,control,17
2019,control,17
2019,control,17
2019,control,17
2019,control,14
2019,control,14
2019,control,14
2019,control,14
2019,control,14
2019,control,14
2019,exclosure,15
2019,exclosure,15
2019,removal,16
2019,control,4
2019,control,4
2019,control,4
2019,control,4
2019,control,4
2019,control,4
2019,exclosure,19
2019,exclosure,19
2019,exclosure,21
2019,exclosure,21
2019,exclosure,21
2019,exclosure,3
2019,exclosure,3
2019,exclosure,3
2019,exclosure,3
2019,exclosure,3
2019,exclosure,3
2019,exclosure,3
2019,control,11
2019,control,11
2019,control,11
2019,control,11
2019,control,17
2019,control,17
2019,control,17
2019,control,17
2019,control,17
2019,control,14
2019,control,14
2019,control,14
2019,exclosure,15
2019,exclosure,15
2019,exclosure,15
2019,exclosure,15
2019,control,4
2019,control,4
2019,control,4
2019,control,4
2019,control,4
2019,control,4
2019,control,4
2019,exclosure,19
2019,exclosure,19
2019,control,11
2019,control,11
2019,exclosure,21
2019,exclosure,21
2019,exclosure,3
2019,exclosure,3
2019,exclosure,3
2019,exclosure,3
2019,exclosure,3
2019,control,17
2019,control,17
2019,control,17
2019,control,17
2019,control,17
2019,exclosure,15
2019,exclosure,15
2019,exclosure,15
2019,exclosure,15
2019,exclosure,15
2019,control,14
2019,control,14
2019,control,14
2019,control,14
2019,control,14
2019,control,14
2019,control,14
2019,control,14
2019,control,14
2019,control,14
2019,control,4
2019,control,4
2019,control,4
2019,control,4
2019,control,4
2019,control,4
2019,control,4
2019,control,4
2019,exclosure,19
2019,exclosure,19
2019,exclosure,21
2019,exclosure,21
2019,exclosure,21
2019,exclosure,21
2019,control,11
2019,control,11
2019,control,11
2019,exclosure,3
2019,exclosure,3
2019,exclosure,3
2019,exclosure,3
2019,exclosure,3
2019,exclosure,3
2019,exclosure,3
2019,exclosure,3
2019,control,14
2019,control,14
2019,control,14
2019,control,14
2019,control,14
2019,control,14
2019,control,14
2019,control,14
2019,control,14
2019,exclosure,15
2019,exclosure,15
2019,exclosure,15
2019,control,17
2019,control,17
2019,control,17
2019,control,17
2019,control,17
2019,control,17
2019,control,17
2019,control,17
2019,control,17
2019,control,4
2019,control,4
2019,control,4
2019,control,4
2019,control,4
2019,control,4
2019,control,11
2019,control,11
2019,control,11
2019,control,11
2019,control,11
2019,exclosure,19
2019,exclosure,3
2019,exclosure,3
2019,control,14
2019,control,14
2019,control,14
2019,control,14
2019,exclosure,15
2019,exclosure,15
2019,exclosure,15
2019,exclosure,15
2019,exclosure,15
2019,control,17
2019,control,17
2019,control,17
2019,control,17
2019,control,17
2019,control,17
2019,control,4
2019,control,4
2019,control,4
2019,control,4
2019,control,11
2019,control,11
2019,exclosure,21
2019,exclosure,21
2019,exclosure,21
2019,exclosure,3
2019,control,14
2019,control,14
2019,control,14
2019,control,14
2019,control,17
2019,control,17
2019,control,17
2019,control,17
2019,control,17
2019,control,4
2019,control,4
2019,control,4
2019,control,4
2019,control,4
2019,control,11
2019,control,11
2019,exclosure,21
2019,exclosure,21
2019,control,14
2019,control,14
2019,control,14
2019,control,14
2019,control,17
2019,control,17
2019,control,17
2019,control,17
2020,control,4
2020,control,4
2020,control,4
2020,control,4
2020,control,4
2020,control,4
2020,control,4
2020,control,4
2020,control,4
2020,control,11
2020,control,11
2020,control,11
2020,control,11
2020,control,11
2020,exclosure,21
2020,exclosure,21
2020,exclosure,21
2020,exclosure,3
2020,control,14
2020,control,14
2020,control,14
2020,control,14
2020,control,14
2020,control,14
2020,control,14
2020,control,14
2020,control,14
2020,control,14
2020,exclosure,15
2020,exclosure,15
2020,control,17
2020,control,17
2020,control,17
2020,control,17
2020,control,17
2020,control,17
2020,control,17
2020,control,17
2020,control,4
2020,control,4
2020,control,4
2020,control,4
2020,control,4
2020,control,4
2020,control,11
2020,control,11
2020,control,11
2020,control,11
2020,exclosure,21
2020,removal,23
2021,control,4
2021,control,4
2021,control,4
2021,control,4
2021,control,4
2021,control,4
2021,control,4
2021,control,4
2021,control,4
2021,control,11
2021,control,11
2021,control,11
2021,control,11
2021,control,11
2021,control,11
2021,control,11
2021,control,11
2021,exclosure,19
2021,exclosure,19
2021,exclosure,19
2021,exclosure,21
2021,exclosure,21
2021,exclosure,21
2021,exclosure,21
2021,exclosure,21
2021,removal,23
2021,removal,23
2021,removal,23
2021,removal,23
2021,removal,23
2021,exclosure,3
2021,exclosure,3
2021,exclosure,3
2021,exclosure,3
2021,exclosure,3
2021,exclosure,3
2021,exclosure,3
2021,control,14
2021,control,14
2021,control,14
2021,control,14
2021,control,14
2021,control,14
2021,exclosure,15
2021,exclosure,15
2021,exclosure,15
2021,exclosure,15
2021,exclosure,15
2021,control,17
2021,control,17
2021,control,17
2021,control,17
2021,control,17
2021,control,17
2021,control,17
2021,control,17
2021,removal,10
2021,removal,10
2021,removal,10
2021,removal,10
2021,removal,10
2021,removal,10
2021,removal,16
2021,removal,16
2021,removal,16
2021,removal,16
2021,removal,16
2021,exclosure,3
2021,exclosure,3
2021,exclosure,3
2021,exclosure,3
2021,exclosure,3
2021,exclosure,3
2021,exclosure,3
2021,exclosure,3
2021,exclosure,3
2021,control,17
2021,control,17
2021,control,17
2021,control,17
2021,control,17
2021,control,17
2021,control,17
2021,control,17
2021,control,17
2021,control,17
2021,control,17
2021,exclosure,15
2021,exclosure,15
2021,exclosure,15
2021,exclosure,15
2021,exclosure,15
2021,exclosure,15
2021,control,14
2021,control,14
2021,control,14
2021,control,14
2021,control,14
2021,control,14
2021,removal,16
2021,removal,16
2021,removal,16
2021,removal,16
2021,removal,23
2021,removal,23
2021,removal,23
2021,removal,10
2021,removal,10
2021,removal,10
2021,removal,10
2021,exclosure,21
2021,exclosure,21
2021,exclosure,21
2021,exclosure,21
2021,exclosure,21
2021,exclosure,21
2021,exclosure,21
2021,exclosure,21
2021,exclosure,21
2021,exclosure,19
2021,exclosure,19
2021,exclosure,19
2021,exclosure,19
2021,exclosure,19
2021,control,11
2021,control,11
2021,control,4
2021,control,4
2021,control,4
2021,control,4
2021,control,4
2021,control,4
2021,control,4
2021,control,4
2021,control,4
2021,control,4
2021,control,4
2021,control,4
2021,control,4
2021,removal,23
2021,removal,23
2021,removal,23
2021,removal,23
2021,removal,23
2021,exclosure,3
2021,exclosure,3
2021,exclosure,3
2021,exclosure,3
2021,exclosure,3
2021,exclosure,3
2021,exclosure,3
2021,exclosure,3
2021,exclosure,3
2021,exclosure,3
2021,control,17
2021,control,17
2021,control,17
2021,control,17
2021,control,17
2021,control,17
2021,control,17
2021,control,17
2021,control,17
2021,control,17
2021,exclosure,15
2021,exclosure,15
2021,exclosure,15
2021,control,14
2021,control,14
2021,control,14
2021,control,14
2021,control,14
2021,control,14
2021,control,14
2021,control,14
2021,control,14
2021,removal,16
2021,removal,16
2021,removal,16
2021,removal,16
2021,control,4
2021,control,4
2021,control,4
2021,control,4
2021,control,4
2021,control,4
2021,control,4
2021,control,4
2021,control,4
2021,control,4
2021,control,4
2021,control,4
2021,control,4
2021,control,4
2021,control,4
2021,control,4
2021,control,4
2021,exclosure,19
2021,exclosure,19
2021,exclosure,19
2021,control,11
2021,control,11
2021,control,11
2021,control,11
2021,control,11
2021,exclosure,21
2021,exclosure,21
2021,exclosure,21
2021,exclosure,21
2021,exclosure,21
2021,exclosure,21
2021,exclosure,21
2021,exclosure,21
2021,exclosure,21
2021,exclosure,21
2021,removal,23
2021,removal,23
2021,removal,23
2021,removal,23
2021,exclosure,3
2021,exclosure,3
2021,exclosure,3
2021,exclosure,3
2021,exclosure,3
2021,exclosure,3
2021,exclosure,3
2021,exclosure,3
2021,exclosure,3
2021,exclosure,3
2021,exclosure,3
2021,exclosure,3
2021,control,17
2021,control,17
2021,control,17
2021,control,17
2021,control,17
2021,control,17
2021,control,17
2021,control,17
2021,control,17
2021,control,17
2021,control,17
2021,exclosure,15
2021,exclosure,15
2021,exclosure,15
2021,control,14
2021,control,14
2021,control,14
2021,control,14
2021,control,14
2021,control,14
2021,control,14
2021,control,14
2021,control,14
2021,removal,10
2021,removal,16
2021,removal,16
2021,control,4
2021,control,4
2021,control,4
2021,control,4
2021,control,4
2021,control,4
2021,control,4
2021,control,4
2021,control,4
2021,control,4
2021,control,4
2021,control,4
2021,control,4
2021,control,4
2021,control,4
2021,control,4
2021,control,4
2021,control,4
2021,control,4
2021,control,4
2021,exclosure,19
2021,exclosure,19
2021,exclosure,19
2021,exclosure,19
2021,exclosure,19
2021,control,11
2021,control,11
2021,control,11
2021,control,11
2021,control,11
2021,control,11
2021,exclosure,21
2021,exclosure,21
2021,exclosure,21
2021,exclosure,21
2021,exclosure,21
2021,exclosure,21
2021,exclosure,21
2021,exclosure,21
2021,exclosure,21
2021,exclosure,21
2021,exclosure,21
2021,removal,23
2021,removal,23
2021,removal,23
2021,removal,23
2021,removal,23
2021,exclosure,3
2021,exclosure,3
2021,exclosure,3
2021,exclosure,3
2021,exclosure,3
2021,exclosure,3
2021,exclosure,3
2021,exclosure,3
2021,exclosure,3
2021,exclosure,3
2021,exclosure,3
2021,exclosure,3
2021,exclosure,3
2021,exclosure,3
2021,exclosure,3
2021,control,14
2021,control,14
2021,control,14
2021,control,14
2021,control,14
2021,control,14
2021,control,14
2021,exclosure,15
2021,exclosure,15
2021,exclosure,15
2021,control,17
2021,control,17
2021,control,17
2021,control,17
2021,control,17
2021,control,17
2021,control,17
2021,control,17
2021,control,17
2021,control,17
2021,control,17
2021,control,17
2021,removal,10
2021,removal,16
2021,removal,16
2022,control,4
2022,control,4
2022,control,4
2022,control,4
2022,control,4
2022,control,4
2022,control,4
2022,control,4
2022,control,4
2022,control,4
2022,control,4
2022,control,4
2022,control,4
2022,control,4
2022,control,4
2022,control,4
2022,control,4
2022,control,4
2022,control,11
2022,control,11
2022,control,11
2022,control,11
2022,control,11
2022,control,11
2022,exclosure,19
2022,exclosure,19
2022,exclosure,21
2022,exclosure,21
2022,exclosure,21
2022,exclosure,21
2022,exclosure,21
2022,exclosure,21
2022,exclosure,21
2022,exclosure,21
2022,removal,23
2022,removal,23
2022,removal,23
2022,removal,23
2022,removal,23
2022,removal,23
2022,removal,23
2022,exclosure,3
2022,exclosure,3
2022,exclosure,3
2022,exclosure,3
2022,exclosure,3
2022,control,17
2022,control,17
2022,control,17
2022,control,17
2022,control,17
2022,control,17
2022,control,17
2022,control,14
2022,control,14
2022,control,14
2022,control,14
2022,control,14
2022,control,14
2022,control,14
2022,control,14
2022,removal,16
2022,exclosure,3
2022,exclosure,3
2022,removal,10
2022,removal,10
2022,removal,10
2022,removal,10
2022,control,4
2022,control,4
2022,control,4
2022,control,4
2022,control,4
2022,control,4
2022,control,4
2022,control,4
2022,control,4
2022,control,4
2022,control,4
2022,control,4
2022,control,11
2022,control,11
2022,control,11
2022,control,11
2022,control,11
2022,exclosure,19
2022,exclosure,21
2022,exclosure,21
2022,exclosure,21
2022,exclosure,21
2022,exclosure,19
2022,exclosure,19
2022,removal,23
2022,exclosure,3
2022,exclosure,3
2022,exclosure,3
2022,exclosure,3
2022,control,14
2022,control,14
2022,control,14
2022,control,14
2022,control,14
2022,control,14
2022,control,14
2022,control,14
2022,control,14
2022,control,17
2022,control,17
2022,control,17
2022,control,17
2022,control,17
2022,control,17
2022,control,17
2022,control,17
2022,removal,16
2022,exclosure,3
2022,exclosure,3
2022,removal,10
2022,control,4
2022,control,4
2022,control,4
2022,control,4
2022,control,4
2022,control,4
2022,control,4
2022,control,4
2022,control,4
2022,control,4
2022,control,4
2022,control,4
2022,control,4
2022,control,4
2022,control,4
2022,control,4
2022,control,4
2022,control,4
2022,control,4
2022,control,11
2022,control,11
2022,control,11
2022,control,11
2022,control,11
2022,control,11
2022,control,11
2022,control,11
2022,exclosure,21
2022,exclosure,21
2022,exclosure,21
2022,exclosure,21
2022,exclosure,21
2022,exclosure,21
2022,exclosure,21
2022,exclosure,19
2022,exclosure,19
2022,exclosure,19
2022,removal,23
2022,removal,23
2022,removal,23
2022,removal,23
2022,exclosure,3
2022,exclosure,3
2022,exclosure,3
2022,exclosure,3
2022,exclosure,3
2022,exclosure,3
2022,control,14
2022,control,14
2022,control,14
2022,control,14
2022,control,14
2022,control,14
2022,control,14
2022,control,14
2022,control,14
2022,exclosure,15
2022,exclosure,15
2022,control,17
2022,control,17
2022,control,17
2022,control,17
2022,control,17
2022,exclosure,3
2022,exclosure,3
2022,exclosure,3
2022,exclosure,3
2022,removal,10
